Year,Season,Percentage,Error
2009,Spring,21.73913043,16.85689539
2009,Summer ,67.81609195,9.816896983
2009,Fall,39.82300885,9.025912916
2010,Spring,45.05494505,10.22263685
2010,Summer ,71.42857143,8.366446527
2010,Fall,30.15873016,11.33288301
2011,Spring,36.54822335,6.724654972
2011,Summer ,65.0862069,6.134046964
2011,Fall,28.63247863,5.791885155
2012,Spring,40,9.154979355
2012,Summer ,58.33333333,8.052293961
2012,Fall,37.80487805,10.4952611
