Category,Test,Metric,Proportion,Percentage,Error
Years,2009,IGP,0.488789238,48.87892377,6.56
Years,2010,IGP,0.526315789,52.63157895,6
Years,2011,IGP,0.437405732,43.74057315,3.78
Years,2012,IGP,0.473214286,47.32142857,5.34
Seasons,Spring,IGP,0.3847981,38.47981,4.65
Seasons,Summer,IGP,0.650434783,65.0434783,3.9
Seasons,Fall,IGP,0.329268293,32.9268293,4.15
